{"inputUnits":[34],"outputUnits":2,"inputs":{"0":{"dtype":"number","min":149.7857594768361,"max":217.4716203147799},"1":{"dtype":"number","min":91.27554214418167,"max":183.5196894189263},"2":{"dtype":"number","min":154.86528329812137,"max":224.583792838605},"3":{"dtype":"number","min":85.70876873328065,"max":176.59379369832197},"4":{"dtype":"number","min":142.17977299671693,"max":209.65868570646887},"5":{"dtype":"number","min":85.1750621276143,"max":176.75849837366246},"6":{"dtype":"number","min":165.65033457715225,"max":237.32854963369408},"7":{"dtype":"number","min":90.59023750987963,"max":181.81472196467655},"8":{"dtype":"number","min":132.74467165460845,"max":200.98296145428014},"9":{"dtype":"number","min":91.55154359572593,"max":180.30718970391538},"10":{"dtype":"number","min":183.29311694430933,"max":249.51509397039155},"11":{"dtype":"number","min":136.5412778149319,"max":222.44159968632204},"12":{"dtype":"number","min":126.52614596474496,"max":190.0887835907101},"13":{"dtype":"number","min":135.11109300902845,"max":220.82160421289822},"14":{"dtype":"number","min":198.37426377827092,"max":297.74985845543534},"15":{"dtype":"number","min":143.91910870622567,"max":270.4296162527359},"16":{"dtype":"number","min":104.18207570829281,"max":176.11444970513134},"17":{"dtype":"number","min":144.1161567895793,"max":278.2277955526508},"18":{"dtype":"number","min":202.89563795750246,"max":331.3504909411479},"19":{"dtype":"number","min":138.158425416464,"max":341.1020697805204},"20":{"dtype":"number","min":72.94664244892996,"max":167.23310679869894},"21":{"dtype":"number","min":147.36996329340954,"max":349.5807829979329},"22":{"dtype":"number","min":186.10864352808852,"max":236.04717518847275},"23":{"dtype":"number","min":262.27493179261916,"max":341.15278928289155},"24":{"dtype":"number","min":145.57824184551313,"max":192.772189010442},"25":{"dtype":"number","min":262.79649738950025,"max":338.14646347580253},"26":{"dtype":"number","min":189.9986778882691,"max":249.85746937317606},"27":{"dtype":"number","min":351.6567980102064,"max":442.1255604784776},"28":{"dtype":"number","min":145.7442688700754,"max":188.97284980506748},"29":{"dtype":"number","min":349.0587115454767,"max":441.2158830100924},"30":{"dtype":"number","min":149.2225812028818,"max":257.72262276378586},"31":{"dtype":"number","min":427.21358979815176,"max":516.2804107072288},"32":{"dtype":"number","min":143.06796988995623,"max":192.72068851931084},"33":{"dtype":"number","min":435.2507267220939,"max":514.709248464859}},"outputs":{"0":{"dtype":"string","min":0,"max":1,"uniqueValues":["Default","act_1"],"legend":{"Default":[1,0],"act_1":[0,1]}}},"isNormalized":true}